{"version": "1", "message": "ERROR: Hidden Testcases server unreachable.", "problem_id": "ads2_m4_a1_1", "user_id": "saad181", "score": {"sample": {"0": {"execution_time": 0.25714564323425293, "passed": true}, "1": {"execution_time": 0.37885570526123047, "passed": true}, "2": {"execution_time": 0.34207606315612793, "passed": true}, "3": {"execution_time": 0.3868980407714844, "passed": true}, "4": {"execution_time": 0.25278735160827637, "passed": true}, "5": {"execution_time": 0.4103686809539795, "passed": true}, "6": {"execution_time": 0.22760486602783203, "passed": true}, "7": {"execution_time": 0.3962433338165283, "passed": true}, "8": {"execution_time": 0.23297452926635742, "passed": true}, "9": {"execution_time": 0.48557043075561523, "passed": false}, "10": {"execution_time": 0.25536489486694336, "passed": true}, "11": {"execution_time": 0.22508978843688965, "passed": true}, "12": {"execution_time": 0.20927071571350098, "passed": true}, "13": {"execution_time": 1.1887025833129883, "passed": true}, "14": {"execution_time": 0.32586145401000977, "passed": true}}}, "check_style_score": "0/1"}