{"version": "1", "message": "ERROR: Hidden Testcases server unreachable.", "problem_id": "ads2_m4_a1_1", "user_id": "saad181", "score": {"sample": {"0": {"execution_time": 4.025064468383789, "passed": true}, "1": {"execution_time": 0.6376104354858398, "passed": true}, "2": {"execution_time": 0.4719216823577881, "passed": true}, "3": {"execution_time": 0.5868120193481445, "passed": true}, "4": {"execution_time": 0.40797853469848633, "passed": true}, "5": {"execution_time": 0.22598862648010254, "passed": true}, "6": {"execution_time": 0.31357812881469727, "passed": true}, "7": {"execution_time": 0.5009620189666748, "passed": true}, "8": {"execution_time": 0.253023624420166, "passed": true}, "9": {"execution_time": 0.3641035556793213, "passed": false}, "10": {"execution_time": 0.2888357639312744, "passed": true}, "11": {"execution_time": 0.505591630935669, "passed": true}, "12": {"execution_time": 0.24349355697631836, "passed": true}, "13": {"execution_time": 1.371103048324585, "passed": true}, "14": {"execution_time": 0.28801441192626953, "passed": true}}}, "check_style_score": "0/1"}