{"version": "1", "message": "ERROR: Hidden Testcases server unreachable.", "problem_id": "ads2_m4_a1_1", "user_id": "saad181", "score": {"sample": {"0": {"execution_time": 0.3033928871154785, "passed": true}, "1": {"execution_time": 0.26566267013549805, "passed": true}, "2": {"execution_time": 0.3749382495880127, "passed": true}, "3": {"execution_time": 0.27579760551452637, "passed": true}, "4": {"execution_time": 0.3576688766479492, "passed": true}, "5": {"execution_time": 0.2788119316101074, "passed": true}, "6": {"execution_time": 0.2864081859588623, "passed": true}, "7": {"execution_time": 0.2228102684020996, "passed": true}, "8": {"execution_time": 0.25241756439208984, "passed": true}, "9": {"execution_time": 0.3125126361846924, "passed": false}, "10": {"execution_time": 0.3870065212249756, "passed": true}, "11": {"execution_time": 0.2400362491607666, "passed": true}, "12": {"execution_time": 0.35338521003723145, "passed": true}, "13": {"execution_time": 1.174769639968872, "passed": true}, "14": {"execution_time": 0.33180785179138184, "passed": true}}}, "check_style_score": "0/1"}