{"version": "1", "message": "ERROR: Hidden Testcases server unreachable.", "problem_id": "ads2_m2_a1_1", "user_id": "saad181", "score": {"sample": {"0": {"execution_time": 0.3287522792816162, "passed": true}, "1": {"execution_time": 0.37114644050598145, "passed": true}, "2": {"execution_time": 0.3117990493774414, "passed": false}, "3": {"execution_time": 0.19129443168640137, "passed": true}, "4": {"execution_time": 0.228440523147583, "passed": false}, "5": {"execution_time": 0.23172307014465332, "passed": true}, "6": {"execution_time": 0.272230863571167, "passed": false}, "7": {"execution_time": 0.3266947269439697, "passed": false}, "8": {"execution_time": 0.27765393257141113, "passed": false}, "9": {"execution_time": 0.20870041847229004, "passed": false}, "10": {"execution_time": 0.21001744270324707, "passed": false}, "11": {"execution_time": 0.20400166511535645, "passed": false}, "12": {"execution_time": 0.193831205368042, "passed": false}, "13": {"execution_time": 0.1968085765838623, "passed": true}, "14": {"execution_time": 0.21364641189575195, "passed": false}, "15": {"execution_time": 0.2268218994140625, "passed": true}, "16": {"execution_time": 0.23423290252685547, "passed": false}, "17": {"execution_time": 0.24609994888305664, "passed": false}, "18": {"execution_time": 0.23944091796875, "passed": false}, "19": {"execution_time": 0.25562548637390137, "passed": false}, "20": {"execution_time": 0.2597372531890869, "passed": false}, "21": {"execution_time": 0.22491240501403809, "passed": false}, "22": {"execution_time": 0.36998820304870605, "passed": false}, "23": {"execution_time": 0.27124667167663574, "passed": false}}}, "check_style_score": "0/1"}