{"version": "1", "message": "ERROR: Hidden Testcases server unreachable.", "problem_id": "ads2_m2_a1_1", "user_id": "saad181", "score": {"sample": {"0": {"execution_time": 0.3384113311767578, "passed": true}, "1": {"execution_time": 0.19108986854553223, "passed": true}, "2": {"execution_time": 0.18297028541564941, "passed": false}, "3": {"execution_time": 0.19738316535949707, "passed": true}, "4": {"execution_time": 0.3822920322418213, "passed": false}, "5": {"execution_time": 0.19268035888671875, "passed": true}, "6": {"execution_time": 0.20162224769592285, "passed": false}, "7": {"execution_time": 0.1991288661956787, "passed": false}, "8": {"execution_time": 0.2027137279510498, "passed": false}, "9": {"execution_time": 0.19313764572143555, "passed": false}, "10": {"execution_time": 0.19887542724609375, "passed": false}, "11": {"execution_time": 0.2006845474243164, "passed": false}, "12": {"execution_time": 0.1879749298095703, "passed": false}, "13": {"execution_time": 0.19619274139404297, "passed": true}, "14": {"execution_time": 0.22382450103759766, "passed": false}, "15": {"execution_time": 0.2184600830078125, "passed": true}, "16": {"execution_time": 0.22664451599121094, "passed": false}, "17": {"execution_time": 0.2541224956512451, "passed": false}, "18": {"execution_time": 0.2171335220336914, "passed": false}, "19": {"execution_time": 0.2485795021057129, "passed": false}, "20": {"execution_time": 0.23902106285095215, "passed": false}, "21": {"execution_time": 0.20055103302001953, "passed": false}, "22": {"execution_time": 0.28663134574890137, "passed": false}, "23": {"execution_time": 0.2713027000427246, "passed": false}}}, "check_style_score": "0/1"}