{"version": "1", "message": "ERROR: Hidden Testcases server unreachable.", "problem_id": "ads2_m2_a1_1", "user_id": "saad181", "score": {"sample": {"0": {"execution_time": 0.20863795280456543, "passed": true}, "1": {"execution_time": 0.18235301971435547, "passed": true}, "2": {"execution_time": 0.19859099388122559, "passed": false}, "3": {"execution_time": 0.18354320526123047, "passed": true}, "4": {"execution_time": 0.19533562660217285, "passed": false}, "5": {"execution_time": 0.20313000679016113, "passed": true}, "6": {"execution_time": 0.1943650245666504, "passed": false}, "7": {"execution_time": 0.20273685455322266, "passed": false}, "8": {"execution_time": 0.20371007919311523, "passed": false}, "9": {"execution_time": 0.20433306694030762, "passed": false}, "10": {"execution_time": 0.20101094245910645, "passed": false}, "11": {"execution_time": 0.20073890686035156, "passed": false}, "12": {"execution_time": 0.20349669456481934, "passed": false}, "13": {"execution_time": 0.29227280616760254, "passed": true}, "14": {"execution_time": 0.19450783729553223, "passed": false}, "15": {"execution_time": 0.22117400169372559, "passed": true}, "16": {"execution_time": 0.23163962364196777, "passed": false}, "17": {"execution_time": 0.23885154724121094, "passed": false}, "18": {"execution_time": 0.3139350414276123, "passed": false}, "19": {"execution_time": 0.3921215534210205, "passed": false}, "20": {"execution_time": 0.3392622470855713, "passed": false}, "21": {"execution_time": 0.20968079566955566, "passed": false}, "22": {"execution_time": 0.2948324680328369, "passed": false}, "23": {"execution_time": 0.26484012603759766, "passed": false}}}, "check_style_score": "0/1"}