{"version": "1", "message": "ERROR: Hidden Testcases server unreachable.", "problem_id": "ads2_m2_a1_1", "user_id": "saad181", "score": {"sample": {"0": {"execution_time": 0.22960186004638672, "passed": true}, "1": {"execution_time": 0.19981813430786133, "passed": true}, "2": {"execution_time": 0.2021336555480957, "passed": false}, "3": {"execution_time": 0.19806528091430664, "passed": true}, "4": {"execution_time": 0.19570088386535645, "passed": false}, "5": {"execution_time": 0.20290160179138184, "passed": true}, "6": {"execution_time": 0.2027113437652588, "passed": false}, "7": {"execution_time": 0.18963336944580078, "passed": false}, "8": {"execution_time": 0.1913602352142334, "passed": false}, "9": {"execution_time": 0.1924145221710205, "passed": false}, "10": {"execution_time": 0.20908427238464355, "passed": false}, "11": {"execution_time": 0.18417072296142578, "passed": false}, "12": {"execution_time": 0.20164942741394043, "passed": false}, "13": {"execution_time": 0.20589733123779297, "passed": true}, "14": {"execution_time": 0.2009274959564209, "passed": false}, "15": {"execution_time": 0.21950221061706543, "passed": true}, "16": {"execution_time": 0.22507596015930176, "passed": false}, "17": {"execution_time": 0.23122501373291016, "passed": false}, "18": {"execution_time": 0.23488616943359375, "passed": false}, "19": {"execution_time": 0.23359370231628418, "passed": false}, "20": {"execution_time": 0.2590599060058594, "passed": false}, "21": {"execution_time": 0.2803473472595215, "passed": false}, "22": {"execution_time": 0.5117917060852051, "passed": false}, "23": {"execution_time": 0.4173245429992676, "passed": false}}}, "check_style_score": "0/1"}