{"version": "1", "message": "ERROR: Hidden Testcases server unreachable.", "problem_id": "ads2_m2_a1_1", "user_id": "saad181", "score": {"sample": {"0": {"execution_time": 0.23335647583007812, "passed": true}, "1": {"execution_time": 0.20115256309509277, "passed": true}, "2": {"execution_time": 0.1848008632659912, "passed": true}, "3": {"execution_time": 0.19054317474365234, "passed": true}, "4": {"execution_time": 0.18970942497253418, "passed": true}, "5": {"execution_time": 0.19266271591186523, "passed": true}, "6": {"execution_time": 0.17864251136779785, "passed": true}, "7": {"execution_time": 0.19214224815368652, "passed": true}, "8": {"execution_time": 0.18649983406066895, "passed": true}, "9": {"execution_time": 0.3749864101409912, "passed": true}, "10": {"execution_time": 0.18327093124389648, "passed": true}, "11": {"execution_time": 0.1950531005859375, "passed": true}, "12": {"execution_time": 0.21683835983276367, "passed": true}, "13": {"execution_time": 0.2083752155303955, "passed": true}, "14": {"execution_time": 0.1952526569366455, "passed": true}, "15": {"execution_time": 0.21398568153381348, "passed": true}, "16": {"execution_time": 0.2531607151031494, "passed": true}, "17": {"execution_time": 0.24308323860168457, "passed": true}, "18": {"execution_time": 0.24161624908447266, "passed": true}, "19": {"execution_time": 0.24451184272766113, "passed": true}, "20": {"execution_time": 0.35922741889953613, "passed": true}, "21": {"execution_time": 0.20667219161987305, "passed": true}, "22": {"execution_time": 0.2760124206542969, "passed": true}, "23": {"execution_time": 0.38975071907043457, "passed": true}}}, "check_style_score": "0/1"}