{"version": "1", "message": "ERROR: Hidden Testcases server unreachable.", "problem_id": "ads2_m2_a1_1", "user_id": "saad181", "score": {"sample": {"0": {"execution_time": 0.25284886360168457, "passed": true}, "1": {"execution_time": 0.22234344482421875, "passed": true}, "2": {"execution_time": 0.20819664001464844, "passed": false}, "3": {"execution_time": 0.21596765518188477, "passed": true}, "4": {"execution_time": 0.19736671447753906, "passed": false}, "5": {"execution_time": 0.21430706977844238, "passed": true}, "6": {"execution_time": 0.20532655715942383, "passed": false}, "7": {"execution_time": 0.21440911293029785, "passed": false}, "8": {"execution_time": 0.20855498313903809, "passed": false}, "9": {"execution_time": 0.21510934829711914, "passed": false}, "10": {"execution_time": 0.20920872688293457, "passed": false}, "11": {"execution_time": 0.21750187873840332, "passed": false}, "12": {"execution_time": 0.21464872360229492, "passed": false}, "13": {"execution_time": 0.21776413917541504, "passed": true}, "14": {"execution_time": 0.20772147178649902, "passed": false}, "15": {"execution_time": 0.22891521453857422, "passed": true}, "16": {"execution_time": 0.24611854553222656, "passed": false}, "17": {"execution_time": 0.2740671634674072, "passed": false}, "18": {"execution_time": 0.4549379348754883, "passed": false}, "19": {"execution_time": 0.2626526355743408, "passed": false}, "20": {"execution_time": 0.26310133934020996, "passed": false}, "21": {"execution_time": 0.2206437587738037, "passed": false}, "22": {"execution_time": 0.29932284355163574, "passed": false}, "23": {"execution_time": 0.33022141456604004, "passed": false}}}, "check_style_score": "0/1"}