{"version": "1", "message": "ERROR: Hidden Testcases server unreachable.", "problem_id": "ads2_m16_a1_1", "user_id": "saad181", "score": {"sample": {"0": {"execution_time": 0.3909592628479004, "passed": true}, "1": {"execution_time": 0.5621485710144043, "passed": true}, "2": {"execution_time": 0.7937355041503906, "passed": true}, "3": {"execution_time": 0.7354235649108887, "passed": true}, "4": {"execution_time": 0.7360069751739502, "passed": true}, "5": {"execution_time": 0.6407461166381836, "passed": true}, "6": {"execution_time": 0.6623470783233643, "passed": true}, "7": {"execution_time": 0.6418805122375488, "passed": true}, "8": {"execution_time": 0.47416090965270996, "passed": true}, "9": {"execution_time": 0.8577368259429932, "passed": true}, "10": {"execution_time": 0.8028285503387451, "passed": true}, "11": {"execution_time": 4.444817543029785, "passed": true}, "12": {"execution_time": 0.8063263893127441, "passed": true}, "13": {"execution_time": 0.44727540016174316, "passed": true}, "14": {"execution_time": 0.712874174118042, "passed": true}, "15": {"execution_time": 0.7201714515686035, "passed": true}, "16": {"execution_time": 0.39121341705322266, "passed": true}, "17": {"execution_time": 0.3882758617401123, "passed": true}, "18": {"execution_time": 0.5308651924133301, "passed": true}, "19": {"execution_time": 0.40267372131347656, "passed": true}, "20": {"execution_time": 0.5601911544799805, "passed": true}, "21": {"execution_time": 0.3730356693267822, "passed": true}, "22": {"execution_time": 0.5748000144958496, "passed": true}, "23": {"execution_time": 0.4286766052246094, "passed": true}, "24": {"execution_time": 0.2741711139678955, "passed": true}, "25": {"execution_time": 0.82999587059021, "passed": true}, "26": {"execution_time": 0.5969409942626953, "passed": true}, "27": {"execution_time": 0.6801202297210693, "passed": true}, "28": {"execution_time": 1.2403078079223633, "passed": true}, "29": {"execution_time": 0.4060781002044678, "passed": false}}}, "check_style_score": "0/1"}