{"version": "1", "message": "ERROR: Hidden Testcases server unreachable.", "problem_id": "ads2_m16_a1_1", "user_id": "saad181", "score": {"sample": {"0": {"execution_time": 0.4478645324707031, "passed": true}, "1": {"execution_time": 0.4158904552459717, "passed": true}, "2": {"execution_time": 0.7842457294464111, "passed": true}, "3": {"execution_time": 0.779069185256958, "passed": true}, "4": {"execution_time": 0.7406184673309326, "passed": true}, "5": {"execution_time": 0.8857502937316895, "passed": true}, "6": {"execution_time": 0.7517702579498291, "passed": true}, "7": {"execution_time": 0.6904244422912598, "passed": true}, "8": {"execution_time": 0.5566065311431885, "passed": true}, "9": {"execution_time": 1.0500233173370361, "passed": true}, "10": {"execution_time": 1.102858304977417, "passed": true}, "11": {"execution_time": 8.69682240486145, "passed": true}, "12": {"execution_time": 1.0134267807006836, "passed": true}, "13": {"execution_time": 0.6266775131225586, "passed": true}, "14": {"execution_time": 1.0431268215179443, "passed": true}, "15": {"execution_time": 1.0734131336212158, "passed": true}, "16": {"execution_time": 0.42534589767456055, "passed": true}, "17": {"execution_time": 0.5492610931396484, "passed": true}, "18": {"execution_time": 0.5120234489440918, "passed": true}, "19": {"execution_time": 0.3551211357116699, "passed": true}, "20": {"execution_time": 0.523094892501831, "passed": true}, "21": {"execution_time": 0.38472962379455566, "passed": true}, "22": {"execution_time": 0.5030453205108643, "passed": true}, "23": {"execution_time": 0.44769883155822754, "passed": true}, "24": {"execution_time": 0.29786062240600586, "passed": true}, "25": {"execution_time": 0.8836145401000977, "passed": true}, "26": {"execution_time": 0.7534637451171875, "passed": true}, "27": {"execution_time": 0.7896592617034912, "passed": true}, "28": {"execution_time": 1.2497239112854004, "passed": true}, "29": {"execution_time": 0.27674174308776855, "passed": false}}}, "check_style_score": "0/1"}