{"version": "1", "message": "ERROR: Hidden Testcases server unreachable.", "problem_id": "ads2_m6_a1_1", "user_id": "saad181", "score": {"sample": {"0": {"execution_time": 0.458820104598999, "passed": false}, "1": {"execution_time": 0.2923312187194824, "passed": false}, "2": {"execution_time": 0.42237257957458496, "passed": false}, "3": {"execution_time": 0.30748987197875977, "passed": false}, "4": {"execution_time": 0.4757654666900635, "passed": false}, "5": {"execution_time": 0.43756675720214844, "passed": false}, "6": {"execution_time": 0.27354907989501953, "passed": true}, "7": {"execution_time": 0.2551426887512207, "passed": false}, "8": {"execution_time": 0.34265851974487305, "passed": false}, "9": {"execution_time": 0.31664586067199707, "passed": false}, "10": {"execution_time": 0.34377002716064453, "passed": false}, "11": {"execution_time": 0.219618558883667, "passed": false}}}, "check_style_score": "0/1"}