{"version": "1", "message": "ERROR: Hidden Testcases server unreachable.", "problem_id": "ads2_m6_a1_1", "user_id": "saad181", "score": {"sample": {"0": {"execution_time": 0.4536113739013672, "passed": false}, "1": {"execution_time": 0.333984375, "passed": false}, "2": {"execution_time": 0.45221376419067383, "passed": false}, "3": {"execution_time": 0.27699923515319824, "passed": false}, "4": {"execution_time": 0.34839344024658203, "passed": false}, "5": {"execution_time": 0.30145812034606934, "passed": false}, "6": {"execution_time": 0.39154911041259766, "passed": true}, "7": {"execution_time": 0.34319257736206055, "passed": false}, "8": {"execution_time": 0.2712693214416504, "passed": false}, "9": {"execution_time": 0.3013427257537842, "passed": false}, "10": {"execution_time": 0.40905284881591797, "passed": false}, "11": {"execution_time": 0.21072769165039062, "passed": false}}}, "check_style_score": "0/1"}